customer_id,first_name,last_name,mobile,email,dni
1,Nathan,Murray,623463976,haley44@example.org,42843811A
2,Kimberly,Deleon,673591576,watsonkathryn@example.com,47032981U
3,Lacey,Brown,647471458,danielshepherd@example.net,70360684J
4,Ricky,Nichols,619218677,jeffrey32@example.net,87236148H
5,Jon,Velazquez,613249589,rwells@example.net,65856974S
6,Michael,Lynch,616921803,grahamjustin@example.org,41616311S
7,Kimberly,Hopkins,615335470,bennettpatrick@example.com,51837079V
8,Abigail,Terry,626483706,ufernandez@example.com,46767958Z
9,Mary,Hall,628016635,andrewstammy@example.com,86077209B
10,Tina,Smith,671601641,jessicaruiz@example.net,43270163Q
11,Kayla,Mason,654838959,fjohnson@example.net,25095263H
12,Paul,Davis,631709568,kellydiaz@example.org,1253749R
13,Corey,Ewing,638597154,snydersteven@example.net,48598242I
14,Joseph,Manning,661501203,smithshannon@example.com,19902489T
15,Vanessa,Hickman,616490271,penny20@example.org,56312844M
16,Wendy,Terry,684442738,patricia80@example.org,12518775X
17,Brian,Kaufman,694613073,smithcameron@example.org,54266236V
18,Eduardo,Freeman,671495157,bellcraig@example.org,75503209T
19,Adam,Williams,69357157,kwood@example.com,22269346G
20,Lisa,Lindsey,645423905,gutierreznicholas@example.net,17567549Q
21,Kathleen,Ray,647981276,stephanie24@example.com,66680336O
22,Matthew,Horne,676033470,yhughes@example.com,43634684X
23,Lisa,Meadows,666200497,jesus22@example.com,92915885F
24,Catherine,Fuentes,648374029,yknapp@example.org,56201257R
25,Jon,Rodriguez,636770200,odaniels@example.org,5946312T
26,Edward,Cline,650967320,robertscatherine@example.org,15246476U
27,Henry,Charles,652637151,dakota48@example.com,70018272U
28,Jesse,Ewing,669665690,ehumphrey@example.net,88376543C
29,Scott,Davis,693850331,murrayamy@example.net,4551205J
30,Richard,Richardson,667243986,nwilson@example.com,71198276K
31,Neil,Sanders,648749383,angela83@example.org,45466471H
32,Matthew,Murphy,678727751,malexander@example.net,40424869J
33,Destiny,Garcia,636079919,bushgerald@example.org,25771053U
34,Deanna,Castaneda,625819701,hannahhebert@example.org,64032111N
35,David,Morris,638006711,christopher29@example.net,75145048W
36,Jasmine,Kim,669479758,mcgeejerry@example.org,89657406Q
37,Melissa,Horton,624871194,ffreeman@example.com,44681012T
38,Bradley,Barker,690494646,melissa29@example.net,51402272P
39,Janice,Davis,69284543,yjohnston@example.com,82394222D
40,David,Preston,664322072,robert87@example.net,90779546Y
41,Dylan,Hamilton,665031745,mcknightdavid@example.com,71373674V
42,Tracy,Eaton,64204141,patrick17@example.net,25529889E
43,Stacy,Fisher,695018210,daviscraig@example.com,17143233T
44,Deborah,Rivera,629724882,kimberlymills@example.net,43150136O
45,Christopher,Martin,621924628,khernandez@example.com,56003016L
46,Michael,Bright,616115449,caitlyn61@example.org,91869405I
47,Bradley,Thomas,632017109,harrisjoseph@example.org,79270623D
48,David,Thompson,668005648,john71@example.com,3655247S
49,Joseph,Stevens,686235044,melissa79@example.com,805281D
50,Taylor,Galloway,693040142,kevin04@example.org,1030176I
